formation_id,start_time_seconds,enemy_id,count,start_offset_y,col_spacing,row_spacing,move_sec,fire_sec,march_speed_mult,enabled
1,70,spitter,12,250,30,26,1.3,0.9,0.82,1
2,130,spitter,13,260,30,26,1.4,0.9,0.85,1
3,190,spitter,14,270,30,26,1.4,0.9,0.88,1
4,250,spitter,15,280,30,26,1.5,0.9,0.9,1
5,310,spitter,16,300,32,26,1.6,1.0,0.92,1
6,370,spitter,17,310,32,28,1.6,1.0,0.94,1
7,430,spitter,18,320,32,28,1.7,1.0,0.95,1
8,490,spitter,19,330,34,28,1.8,1.0,0.96,1
9,550,spitter,20,340,34,30,1.9,1.1,0.98,1
